[
 {
   "t2s": 3001,
   "country": "Deutsch (German)",
   "value": "Steffi"
 },
 {
   "t2s": 3001,
   "country": "Czech (Czech Republic)",
   "value": "Zuzana"
 },
 {
   "t2s": 3001,
   "country": "Danish",
   "value": "Sara"
 },
 {
   "t2s": 3001,
   "country": "Dutch (Belgium)",
   "value": "Ellen"
 },
 {
   "t2s": 3001,
   "country": "English (Indian)",
   "value": "Veena"
 },
 {
   "t2s": 3001,
   "country": "English (Ireland)",
   "value": "Moira"
 },
 {
   "t2s": 3001,
   "country": "English (US)",
   "value": "Alex"
 },
 {
   "t2s": 3001,
   "country": "Finnish (Finland)",
   "value": "Satu"
 },
 {
   "t2s": 3001,
   "country": "French",
   "value": "Thomas"
 },
 {
   "t2s": 3001,
   "country": "French (Canadian)",
   "value": "Amelie"
 },
 {
   "t2s": 3001,
   "country": "Chinese, Mandarin (Hong Kong)",
   "value": "Sinji"
 },
 {
   "t2s": 3001,
   "country": "Hungarian (Hungary)",
   "value": "Mariska"
 },
 {
   "t2s": 3001,
   "country": "Japanese",
   "value": "Kyoko"
 },
 {
   "t2s": 3001,
   "country": "Korean (South Korea)",
   "value": "Yuna"
 },
 {
   "t2s": 3001,
   "country": "Polish",
   "value": "Zosia"
 },
 {
   "t2s": 3001,
   "country": "Portuguese (Brazilian)",
   "value": "Luciana"
 },
 {
   "t2s": 3001,
   "country": "Romanian",
   "value": "Ioana"
 }
]