[
 {
   "name": "Mads",
   "language": "da-DK"
 },
 {
   "name": "Naja",
   "language": "da-DK"
 },
 {
   "name": "Lotte",
   "language": "nl-NL"
 },
 {
   "name": "Ruben",
   "language": "nl-NL"
 },
 {
   "name": "Nicole",
   "language": "en-AU"
 },
 {
   "name": "Russell",
   "language": "en-AU"
 },
 {
   "name": "Amy",
   "language": "en-GB"
 },
 {
   "name": "Brian",
   "language": "en-GB"
 },
 {
   "name": "Emma",
   "language": "en-GB"
 },
 {
   "name": "Raveena",
   "language": "en-IN"
 },
 {
   "name": "Ivy",
   "language": "en-US"
 },
 {
   "name": "Joanna",
   "language": "en-US"
 },
 {
   "name": "Joey",
   "language": "en-US"
 },
 {
   "name": "Justin",
   "language": "en-US"
 },
 {
   "name": "Kendra",
   "language": "en-US"
 },
 {
   "name": "Kimberly",
   "language": "en-US"
 },
 {
   "name": "Salli",
   "language": "en-US"
 },
 {
   "name": "Geraint",
   "language": "en-GB-WLS"
 },
 {
   "name": "Mathieu",
   "language": "fr-FR"
 },
 {
   "name": "Celine",
   "language": "fr-FR"
 },
 {
   "name": "Chantal",
   "language": "fr-CA"
 },
 {
   "name": "Hans",
   "language": "de-DE"
 },
 {
   "name": "Marlene",
   "language": "de-DE"
 },
 {
   "name": "Vicki",
   "language": "de-DE"
 },
 {
   "name": "Dora",
   "language": "is-IS"
 },
 {
   "name": "Karl",
   "language": "is-IS"
 },
 {
   "name": "Carla",
   "language": "it-IT"
 },
 {
   "name": "Giorgio",
   "language": "it-IT"
 },
 {
   "name": "Mizuki",
   "language": "ja-JP"
 },
 {
   "name": "Liv",
   "language": "nb-NO"
 },
 {
   "name": "Jacek",
   "language": "pl-PL"
 },
 {
   "name": "Jan",
   "language": "pl-PL"
 },
 {
   "name": "Ewa",
   "language": "pl-PL"
 },
 {
   "name": "Maja",
   "language": "pl-PL"
 },
 {
   "name": "Ricardo",
   "language": "pt-BR"
 },
 {
   "name": "Vitoria",
   "language": "pt-BR"
 },
 {
   "name": "Cristiano",
   "language": "pt-PT"
 },
 {
   "name": "Ines",
   "language": "pt-PT"
 },
 {
   "name": "Carmen",
   "language": "ro-RO"
 },
 {
   "name": "Maxim",
   "language": "ru-RU"
 },
 {
   "name": "Tatyana",
   "language": "ru-RU"
 },
 {
   "name": "Conchita",
   "language": "es-ES"
 },
 {
   "name": "Enrique",
   "language": "es-ES"
 },
 {
   "name": "Miguel",
   "language": "es-US"
 },
 {
   "name": "Penelope",
   "language": "es-US"
 },
 {
   "name": "Astrid",
   "language": "sv-SE"
 },
 {
   "name": "Filiz",
   "language": "tr-TR"
 },
 {
   "name": "Gwyneth",
   "language": "cy-GB"
 },
 {
   "name": "Geraint",
   "language": "cy-GB"
 }
]