[
  {"name": "UK English Female", "lang": "en-GB", "gender": "female"},
  {"name": "UK English Male", "lang": "en-GB", "gender": "male"},
  {"name": "US English Female", "lang": "en-US", "gender": "female"},
  {"name": "US English Male", "lang": "en-US", "gender": "male"},
  {"name": "Spanish Female", "lang": "es-ES", "gender": "female"},
  {"name": "Spanish Male", "lang": "es-ES", "gender": "male"},
  {"name": "French Female", "lang": "fr-FR", "gender": "female"},
  {"name": "French Male", "lang": "fr-FR", "gender": "male"},
  {"name": "German Female", "lang": "de-DE", "gender": "female"},
  {"name": "German Male", "lang": "de-DE", "gender": "male"},
  {"name": "Italian Female", "lang": "it-IT", "gender": "female"},
  {"name": "Italian Male", "lang": "it-IT", "gender": "male"},
  {"name": "Greek Female", "lang": "el-GR", "gender": "female"},
  {"name": "Greek Male", "lang": "el-GR", "gender": "male"},
  {"name": "Hungarian Female", "lang": "hu-HU", "gender": "female"},
  {"name": "Hungarian Male", "lang": "hu-HU", "gender": "male"},
  {"name": "Turkish Female", "lang": "tr-TR", "gender": "female"},
  {"name": "Turkish Male", "lang": "tr-TR", "gender": "male"},
  {"name": "Russian Female", "lang": "ru-RU", "gender": "female"},
  {"name": "Russian Male", "lang": "ru-RU", "gender": "male"},
  {"name": "Dutch Female", "lang": "nl-NL", "gender": "female"},
  {"name": "Dutch Male", "lang": "nl-NL", "gender": "male"},
  {"name": "Swedish Female", "lang": "sv-SE", "gender": "female"},
  {"name": "Swedish Male", "lang": "sv-SE", "gender": "male"},
  {"name": "Norwegian Female", "lang": "nb-NO", "gender": "female"},
  {"name": "Norwegian Male", "lang": "nb-NO", "gender": "male"},
  {"name": "Japanese Female", "lang": "ja-JP", "gender": "female"},
  {"name": "Japanese Male", "lang": "ja-JP", "gender": "male"},
  {"name": "Korean Female", "lang": "ko-KR", "gender": "female"},
  {"name": "Korean Male", "lang": "ko-KR", "gender": "male"},
  {"name": "Chinese Female", "lang": "zh-CN", "gender": "female"},
  {"name": "Chinese Male", "lang": "zh-CN", "gender": "male"},
  {"name": "Chinese (Hong Kong) Female", "lang": "zh-HK", "gender": "female"},
  {"name": "Chinese (Hong Kong) Male", "lang": "zh-HK", "gender": "male"},
  {"name": "Chinese Taiwan Female", "lang": "zh-TW", "gender": "female"},
  {"name": "Chinese Taiwan Male", "lang": "zh-TW", "gender": "male"},
  {"name": "Hindi Female", "lang": "hi-IN", "gender": "female"},
  {"name": "Hindi Male", "lang": "hi-IN", "gender": "male"},
  {"name": "Serbian Male", "lang": "sr-RS", "gender": "male"},
  {"name": "Serbian Female", "lang": "sr-RS", "gender": "female"},
  {"name": "Croatian Male", "lang": "hr-HR", "gender": "male"},
  {"name": "Croatian Female", "lang": "hr-HR", "gender": "female"},
  {"name": "Bosnian Male", "lang": "bs-BA", "gender": "male"},
  {"name": "Bosnian Female", "lang": "bs-BA", "gender": "female"},
  {"name": "Romanian Male", "lang": "ro-RO", "gender": "male"},
  {"name": "Romanian Female", "lang": "ro-RO", "gender": "female"},
  {"name": "Catalan Male", "lang": "ca-ES", "gender": "male"},
  {"name": "Australian Female", "lang": "en-AU", "gender": "female"},
  {"name": "Australian Male", "lang": "en-AU", "gender": "male"},
  {"name": "Finnish Female", "lang": "fi-FI", "gender": "female"},
  {"name": "Finnish Male", "lang": "fi-FI", "gender": "male"},
  {"name": "Afrikaans Male", "lang": "af-ZA", "gender": "male"},
  {"name": "Albanian Male", "lang": "sq-AL", "gender": "male"},
  {"name": "Arabic Male", "lang": "ar-SA", "gender": "male"},
  {"name": "Arabic Female", "lang": "ar-SA", "gender": "female"},
  {"name": "Armenian Male", "lang": "hy-AM", "gender": "male"},
  {"name": "Czech Female", "lang": "cs-CZ", "gender": "female"},
  {"name": "Czech Male", "lang": "cs-CZ", "gender": "male"},
  {"name": "Danish Female", "lang": "da-DK", "gender": "female"},
  {"name": "Danish Male", "lang": "da-DK", "gender": "male"},
  {"name": "Esperanto Male", "lang": "eo", "gender": "male"},
  {"name": "Haitian Creole Female", "lang": "ht-HT", "gender": "female"},
  {"name": "Icelandic Male", "lang": "is-IS", "gender": "male"},
  {"name": "Indonesian Female", "lang": "id-ID", "gender": "female"},
  {"name": "Latin Female", "lang": "la", "gender": "female"},
  {"name": "Latvian Male", "lang": "lv-LV", "gender": "male"},
  {"name": "Macedonian Male", "lang": "mk-MK", "gender": "male"},
  {"name": "Moldavian Male", "lang": "ro-MD", "gender": "male"},
  {"name": "Montenegrin Male", "lang": "me-ME", "gender": "male"},
  {"name": "Polish Female", "lang": "pl-PL", "gender": "female"},
  {"name": "Brazilian Portuguese Female", "lang": "pt-BR", "gender": "female"},
  {"name": "Portuguese Female", "lang": "pt-PT", "gender": "female"},
  {"name": "Serbo-Croatian Male", "lang": "sh", "gender": "male"},
  {"name": "Slovak Female", "lang": "sk-SK", "gender": "female"},
  {"name": "Spanish Latin American Female", "lang": "es-419", "gender": "female"},
  {"name": "Swahili Male", "lang": "sw-KE", "gender": "male"},
  {"name": "Tamil Male", "lang": "ta-IN", "gender": "male"},
  {"name": "Thai Female", "lang": "th-TH", "gender": "female"},
  {"name": "Vietnamese Male", "lang": "vi-VN", "gender": "male"},
  {"name": "Welsh Male", "lang": "cy-GB", "gender": "male"}
]
