[
  {
    "name": "Oda",
    "language": "ar-eg"
  },
  {
    "name": "Salim",
    "language": "ar-sa"
  },
  {
    "name": "Dimo",
    "language": "bg-bg"
  },
  {
    "name": "Rut",
    "language": "ca-es"
  },
  {
    "name": "Luli",
    "language": "zh-cn"
  },
  {
    "name": "Shu",
    "language": "zh-cn"
  },
  {
    "name": "Chow",
    "language": "zh-cn"
  },
  {
    "name": "Wang",
    "language": "zh-cn"
  },
  {
    "name": "Jia",
    "language": "zh-hk"
  },
  {
    "name": "Xia",
    "language": "zh-hk"
  },
  {
    "name": "Chen",
    "language": "zh-hk"
  },
  {
    "name": "Akemi",
    "language": "zh-tw"
  },
  {
    "name": "Lin",
    "language": "zh-tw"
  },
  {
    "name": "Lee",
    "language": "zh-tw"
  },
  {
    "name": "Nikola",
    "language": "hr-hr"
  },
  {
    "name": "Josef",
    "language": "cs-cz"
  },
  {
    "name": "Freja",
    "language": "da-dk"
  },
  {
    "name": "Daan",
    "language": "nl-be"
  },
  {
    "name": "Lotte",
    "language": "nl-nl"
  },
  {
    "name": "Bram",
    "language": "nl-nl"
  },
  {
    "name": "Zoe",
    "language": "en-au"
  },
  {
    "name": "Isla",
    "language": "en-au"
  },
  {
    "name": "Evie",
    "language": "en-au"
  },
  {
    "name": "Jack",
    "language": "en-au"
  },
  {
    "name": "Rose",
    "language": "en-ca"
  },
  {
    "name": "Clara",
    "language": "en-ca"
  },
  {
    "name": "Emma",
    "language": "en-ca"
  },
  {
    "name": "Mason",
    "language": "en-ca"
  },
  {
    "name": "Alice",
    "language": "en-gb"
  },
  {
    "name": "Nancy",
    "language": "en-gb"
  },
  {
    "name": "Lily",
    "language": "en-gb"
  },
  {
    "name": "Harry",
    "language": "en-gb"
  },
  {
    "name": "Eka",
    "language": "en-in"
  },
  {
    "name": "Jai",
    "language": "en-in"
  },
  {
    "name": "Ajit",
    "language": "en-in"
  },
  {
    "name": "Oran",
    "language": "en-ie"
  },
  {
    "name": "Linda",
    "language": "en-us"
  },
  {
    "name": "Amy",
    "language": "en-us"
  },
  {
    "name": "Mary",
    "language": "en-us"
  },
  {
    "name": "John",
    "language": "en-us"
  },
  {
    "name": "Mike",
    "language": "en-us"
  },
  {
    "name": "Aada",
    "language": "fi-fi"
  },
  {
    "name": "Emile",
    "language": "fr-ca"
  },
  {
    "name": "Olivia",
    "language": "fr-ca"
  },
  {
    "name": "Logan",
    "language": "fr-ca"
  },
  {
    "name": "Felix",
    "language": "fr-ca"
  },
  {
    "name": "Bette",
    "language": "fr-fr"
  },
  {
    "name": "Iva",
    "language": "fr-fr"
  },
  {
    "name": "Zola",
    "language": "fr-fr"
  },
  {
    "name": "Axel",
    "language": "fr-fr"
  },
  {
    "name": "Theo",
    "language": "fr-ch"
  },
  {
    "name": "Lukas",
    "language": "de-at"
  },
  {
    "name": "Hanna",
    "language": "de-de"
  },
  {
    "name": "Lina",
    "language": "de-de"
  },
  {
    "name": "Jonas",
    "language": "de-de"
  },
  {
    "name": "Tim",
    "language": "de-ch"
  },
  {
    "name": "Neo",
    "language": "el-gr"
  },
  {
    "name": "Rami",
    "language": "he-il"
  },
  {
    "name": "Puja",
    "language": "hi-in"
  },
  {
    "name": "Kabir",
    "language": "hi-in"
  },
  {
    "name": "Mate",
    "language": "hu-hu"
  },
  {
    "name": "Intan",
    "language": "id-id"
  },
  {
    "name": "Bria",
    "language": "it-it"
  },
  {
    "name": "Mia",
    "language": "it-it"
  },
  {
    "name": "Pietro",
    "language": "it-it"
  },
  {
    "name": "Hina",
    "language": "ja-jp"
  },
  {
    "name": "Airi",
    "language": "ja-jp"
  },
  {
    "name": "Fumi",
    "language": "ja-jp"
  },
  {
    "name": "Akira",
    "language": "ja-jp"
  },
  {
    "name": "Nari",
    "language": "ko-kr"
  },
  {
    "name": "Aqil",
    "language": "ms-my"
  },
  {
    "name": "Marte",
    "language": "nb-no"
  },
  {
    "name": "Erik",
    "language": "nb-no"
  },
  {
    "name": "Julia",
    "language": "pl-pl"
  },
  {
    "name": "Jan",
    "language": "pl-pl"
  },
  {
    "name": "Marcia",
    "language": "pt-br"
  },
  {
    "name": "Ligia",
    "language": "pt-br"
  },
  {
    "name": "Yara",
    "language": "pt-br"
  },
  {
    "name": "Dinis",
    "language": "pt-br"
  },
  {
    "name": "Leonor",
    "language": "pt-pt"
  },
  {
    "name": "Doru",
    "language": "ro-ro"
  },
  {
    "name": "Olga",
    "language": "ru-ru"
  },
  {
    "name": "Marina",
    "language": "ru-ru"
  },
  {
    "name": "Peter",
    "language": "ru-ru"
  },
  {
    "name": "Beda",
    "language": "sk-sk"
  },
  {
    "name": "Vid",
    "language": "sl-si"
  },
  {
    "name": "Juana",
    "language": "es-mx"
  },
  {
    "name": "Silvia",
    "language": "es-mx"
  },
  {
    "name": "Teresa",
    "language": "es-mx"
  },
  {
    "name": "Jose",
    "language": "es-mx"
  },
  {
    "name": "Camila",
    "language": "es-es"
  },
  {
    "name": "Sofia",
    "language": "es-es"
  },
  {
    "name": "Luna",
    "language": "es-es"
  },
  {
    "name": "Diego",
    "language": "es-es"
  },
  {
    "name": "Molly",
    "language": "sv-se"
  },
  {
    "name": "Hugo",
    "language": "sv-se"
  },
  {
    "name": "Sai",
    "language": "ta-in"
  },
  {
    "name": "Ukrit",
    "language": "th-th"
  },
  {
    "name": "Omer",
    "language": "tr-tr"
  },
  {
    "name": "Chi",
    "language": "vi-vn"
  }
]